id,station,date,eto,max_temp,min_temp,min_rh,solar_rad,rainfall,wind_4am,wind_4pm,battery_min,battery_max
228,Corpus Christi Agrilife (ID: 322),2024-11-27,0.13,85,60,61,11.63,0.00,0.86,12.51,12.55,13.49
229,Corpus Christi Agrilife (ID: 322),2024-11-26,0.12,71,55,51,12.55,0.00,11.94,2.90,12.55,13.61
230,Corpus Christi Agrilife (ID: 322),2024-11-25,0.17,87,63,52,12.53,0.00,6.37,7.62,12.57,13.53
231,Corpus Christi Agrilife (ID: 322),2024-11-24,0.19,84,60,47,13.43,0.00,1.53,16.29,12.54,13.54
232,Corpus Christi Agrilife (ID: 322),2024-11-23,0.14,80,53,49,11.63,0.00,1.77,12.72,12.52,13.57
233,Corpus Christi Agrilife (ID: 322),2024-11-22,0.13,77,48,23,14.07,0.00,3.59,6.53,12.50,13.62
234,Corpus Christi Agrilife (ID: 322),2024-11-21,0.15,73,46,20,14.40,0.00,5.02,6.23,12.50,13.67
235,Corpus Christi Agrilife (ID: 322),2024-11-20,0.21,75,53,21,14.60,0.00,5.78,9.66,12.55,13.60
236,Corpus Christi Agrilife (ID: 322),2024-11-19,0.19,85,59,16,14.60,0.00,3.34,6.21,12.57,13.56
237,Corpus Christi Agrilife (ID: 322),2024-11-18,0.22,89,74,44,8.78,0.00,23.62,8.71,12.59,13.46
238,Corpus Christi Agrilife (ID: 322),2024-11-17,0.09,86,63,84,9.21,0.00,1.61,22.73,12.56,13.46
239,Corpus Christi Agrilife (ID: 322),2024-11-16,0.15,83,63,48,14.17,0.00,1.23,13.42,12.56,13.53
240,Corpus Christi Agrilife (ID: 322),2024-11-15,0.13,79,52,43,14.79,0.00,4.01,8.47,12.51,13.59
241,Corpus Christi Agrilife (ID: 322),2024-11-14,0.19,79,58,29,15.11,0.00,8.92,5.54,12.57,13.59
242,Corpus Christi North (ID: 327),2024-11-26,0.13,71,54,42,12.82,0.00,9.80,2.09,9.92,13.46
243,Corpus Christi North (ID: 327),2024-11-25,0.17,87,67,43,15.12,0.00,4.91,5.33,9.67,13.22
244,Corpus Christi North (ID: 327),2024-11-24,0.2,84,65,39,15.63,0.00,3.53,10.59,9.43,13.28
245,Corpus Christi North (ID: 327),2024-11-23,0.13,81,51,36,15.88,0.00,0.01,5.26,9.72,13.40
246,Corpus Christi North (ID: 327),2024-11-22,0.12,77,46,16,16.43,0.00,0.04,5.15,9.89,13.50
247,Corpus Christi North (ID: 327),2024-11-21,0.11,73,43,13,16.89,0.00,2.11,3.82,9.80,13.67
248,Corpus Christi North (ID: 327),2024-11-20,0.19,74,55,16,17.05,0.00,5.81,7.82,9.57,13.51
249,Corpus Christi North (ID: 327),2024-11-19,0.14,85,59,11,16.71,0.00,0.00,5.28,9.91,13.36
250,Corpus Christi North (ID: 327),2024-11-18,0.24,89,75,35,11.21,0.00,13.89,9.09,9.66,13.19
251,Corpus Christi North (ID: 327),2024-11-17,0.14,85,67,59,10.60,0.00,2.18,13.21,9.73,12.88
252,Corpus Christi North (ID: 327),2024-11-16,0.16,83,61,37,16.21,0.00,2.03,7.90,9.67,13.28
253,Corpus Christi North (ID: 327),2024-11-15,0.14,78,51,26,17.20,0.00,0.22,7.56,9.93,13.52
254,Corpus Christi North (ID: 327),2024-11-14,0.17,79,57,19,17.52,0.00,2.46,4.44,9.89,13.48
255,Corpus Christi South (ID: 328),2024-11-24,0.17,82,66,44,15.49,0.00,3.33,9.88,12.35,13.31
256,Corpus Christi South (ID: 328),2024-11-23,0.11,79,53,42,13.62,0.00,0.00,7.86,12.30,13.49
257,Corpus Christi South (ID: 328),2024-11-22,0.09,76,50,15,16.39,0.00,0.23,5.58,12.26,13.60
258,Corpus Christi South (ID: 328),2024-11-21,0.13,71,54,19,16.62,0.00,4.23,4.47,12.27,13.57
259,Corpus Christi South (ID: 328),2024-11-20,0.21,73,61,18,16.78,0.00,2.44,8.94,12.32,13.58
260,Corpus Christi South (ID: 328),2024-11-19,0.14,86,64,11,16.63,0.00,1.94,6.55,12.21,13.30
261,Corpus Christi South (ID: 328),2024-11-18,0.16,85,76,57,8.05,0.00,10.76,10.12,12.33,12.91
262,Corpus Christi South (ID: 328),2024-11-17,0.12,84,67,65,10.98,0.00,0.00,12.32,12.33,12.95
263,Corpus Christi South (ID: 328),2024-11-16,0.15,82,66,44,16.12,0.00,2.10,7.76,12.33,13.29
264,Corpus Christi South (ID: 328),2024-11-15,0.11,77,55,43,16.95,0.00,0.10,6.36,12.26,13.46
265,Corpus Christi South (ID: 328),2024-11-14,0.16,74,60,33,17.27,0.00,9.91,5.60,12.30,13.51
266,Dickinson (ID: 149),2024-11-27,0.09,80,56,60,10.07,0.00,0.05,10.63,12.54,13.77
267,Dickinson (ID: 149),2024-11-26,0.08,66,51,51,12.18,0.00,5.21,2.26,12.53,14.00
268,Dickinson (ID: 149),2024-11-25,0.11,83,64,51,13.02,0.00,0.27,7.08,12.58,13.67
269,Dickinson (ID: 149),2024-11-24,0.09,79,57,46,12.11,0.00,0.00,7.10,12.54,13.79
270,Dickinson (ID: 149),2024-11-23,0.07,73,49,41,14.29,0.00,0.00,3.84,12.51,13.96
271,Dickinson (ID: 149),2024-11-22,0.05,73,47,22,13.48,0.00,0.00,1.86,12.47,14.02
272,Dickinson (ID: 149),2024-11-21,0.07,70,44,12,14.90,0.00,0.00,2.01,12.44,14.10
273,Dickinson (ID: 149),2024-11-20,0.13,67,51,20,15.07,0.00,0.39,9.73,12.57,13.85
274,Dickinson (ID: 149),2024-11-19,0.06,80,58,26,14.98,0.00,0.00,3.53,12.51,13.80
275,Dickinson (ID: 149),2024-11-18,0.09,82,67,71,6.72,1.16,5.65,8.76,12.61,13.45
276,Dickinson (ID: 149),2024-11-17,0.11,81,75,73,8.04,0.00,6.48,9.44,12.60,13.45
277,Dickinson (ID: 149),2024-11-16,0.08,78,56,49,8.88,0.00,0.00,5.74,12.56,13.63
278,Dickinson (ID: 149),2024-11-15,0.08,70,51,41,15.47,0.00,0.00,4.47,12.50,13.99
279,Dickinson (ID: 149),2024-11-14,0.14,74,55,24,15.61,0.00,4.54,6.46,12.54,13.81
280,Driscoll (ID: 324),2024-11-27,0.18,86,59,56,9.98,0.00,2.41,19.01,10.28,14.10
281,Driscoll (ID: 324),2024-11-26,0.16,72,55,51,11.53,0.00,19.01,7.28,10.54,14.16
282,Driscoll (ID: 324),2024-11-25,0.23,87,66,51,12.71,0.00,10.63,13.65,10.62,14.05
283,Driscoll (ID: 324),2024-11-24,0.27,85,66,45,13.22,0.00,11.80,23.88,10.64,14.00
284,Driscoll (ID: 324),2024-11-23,0.19,80,50,46,11.99,0.00,2.92,16.33,10.54,14.09
285,Driscoll (ID: 324),2024-11-22,0.19,79,45,29,13.80,0.00,5.26,14.49,10.08,14.10
286,Driscoll (ID: 324),2024-11-21,0.2,74,41,19,13.93,0.00,4.43,8.79,10.37,14.23
287,Driscoll (ID: 324),2024-11-20,0.26,75,50,22,14.30,0.00,10.13,16.50,10.55,14.18
288,Driscoll (ID: 324),2024-11-19,0.29,86,56,15,14.28,0.00,6.94,13.82,10.55,14.01
289,Driscoll (ID: 324),2024-11-18,0.33,90,74,40,9.11,0.00,35.11,18.68,10.63,13.97
290,Driscoll (ID: 324),2024-11-17,0.15,86,65,70,10.24,0.00,0.00,30.92,10.57,14.04
291,Driscoll (ID: 324),2024-11-16,0.2,83,58,47,13.77,0.00,3.08,17.51,10.55,14.02
292,Driscoll (ID: 324),2024-11-15,0.19,80,49,43,14.51,0.00,4.76,20.36,10.65,14.13
293,Driscoll (ID: 324),2024-11-14,0.25,78,55,29,14.80,0.00,7.44,13.31,10.52,14.22
294,Freer (ID: 319),2024-11-26,0.12,73,52,37,13.58,0.00,6.88,3.17,0.00,0.00
295,Freer (ID: 319),2024-11-25,0.17,89,56,30,16.11,0.01,2.66,4.00,0.00,0.00
296,Freer (ID: 319),2024-11-24,0.18,85,58,35,16.71,0.00,3.65,6.96,0.00,0.00
297,Freer (ID: 319),2024-11-23,0.17,81,54,33,16.06,0.00,3.08,5.74,0.00,0.00
298,Freer (ID: 319),2024-11-22,0.15,80,50,15,17.58,0.00,3.04,4.27,0.00,0.00
299,Freer (ID: 319),2024-11-21,0.12,76,46,8,18.01,0.00,0.81,3.30,0.00,0.00
300,Freer (ID: 319),2024-11-20,0.17,73,52,12,18.27,0.00,3.31,5.47,0.00,0.00
301,Freer (ID: 319),2024-11-19,0.18,85,57,7,18.26,0.00,2.29,4.82,0.00,0.00
302,Freer (ID: 319),2024-11-18,0.22,84,61,20,12.71,0.00,11.28,7.53,0.00,0.00
303,Freer (ID: 319),2024-11-17,0.21,89,63,42,15.07,0.00,4.11,9.58,0.00,0.00
304,Freer (ID: 319),2024-11-16,0.15,83,55,39,16.77,0.00,0.00,6.46,0.00,0.00
305,Freer (ID: 319),2024-11-15,0.16,82,52,19,18.29,0.00,2.34,6.07,0.00,0.00
306,Freer (ID: 319),2024-11-14,0.16,81,54,12,18.69,0.00,3.08,3.28,0.00,0.00
307,Garwood (ID: 193),2024-11-26,0.12,71,47,38,14.18,0.00,8.34,0.00,0.00,0.00
308,Garwood (ID: 193),2024-11-25,0.17,87,53,42,14.37,0.00,0.00,0.00,0.00,0.00
309,Garwood (ID: 193),2024-11-24,0.15,82,55,42,14.47,0.00,0.00,14.42,0.00,0.00
310,Garwood (ID: 193),2024-11-23,0.12,79,43,36,15.69,0.00,0.00,8.48,0.00,0.00
311,Garwood (ID: 193),2024-11-22,0.08,78,43,17,16.23,0.00,0.00,0.54,0.00,0.00
312,Garwood (ID: 193),2024-11-21,0.08,75,38,7,16.69,0.00,0.00,1.18,0.00,0.00
313,Garwood (ID: 193),2024-11-20,0.17,69,43,20,16.80,0.00,10.64,8.42,0.00,0.00
314,Garwood (ID: 193),2024-11-19,0.09,83,51,19,16.67,0.00,0.00,3.48,0.00,0.00
315,Garwood (ID: 193),2024-11-18,0.08,82,59,75,4.58,0.20,10.46,1.22,0.00,0.00
316,Garwood (ID: 193),2024-11-17,0.08,82,65,75,6.26,0.04,0.52,10.10,0.00,0.00
317,Garwood (ID: 193),2024-11-16,0.11,82,55,45,10.21,0.00,0.00,8.78,0.00,0.00
318,Garwood (ID: 193),2024-11-15,0.11,77,44,34,16.96,0.00,0.00,5.14,0.00,0.00
319,Garwood (ID: 193),2024-11-14,0.16,76,51,21,17.45,0.00,5.08,5.11,0.00,0.00
320,Goliad (ID: 198),2024-11-26,0.09,73,50,39,13.24,0.00,6.94,0.00,0.00,0.00
321,Goliad (ID: 198),2024-11-25,0.17,87,41,0,13.97,0.00,0.00,0.00,0.00,0.00
322,Goliad (ID: 198),2024-11-24,0.19,83,46,0,15.05,0.00,0.00,11.28,0.00,0.00
323,Goliad (ID: 198),2024-11-23,0.06,81,42,36,15.76,0.00,0.00,0.00,0.00,0.00
324,Goliad (ID: 198),2024-11-22,0.05,79,37,14,15.98,0.00,0.00,0.56,0.00,0.00
325,Goliad (ID: 198),2024-11-21,0.04,75,35,5,16.34,0.00,0.00,0.00,0.00,0.00
326,Goliad (ID: 198),2024-11-20,0.15,72,44,15,16.53,0.01,3.53,4.53,0.00,0.00
327,Goliad (ID: 198),2024-11-19,0.05,86,45,10,16.39,0.00,0.00,0.00,0.00,0.00
328,Goliad (ID: 198),2024-11-18,0.19,86,60,37,9.59,0.00,12.20,0.00,0.00,0.00
329,Goliad (ID: 198),2024-11-17,0.25,86,47,0,9.53,0.05,0.00,12.23,0.00,0.00
330,Goliad (ID: 198),2024-11-16,0.11,84,53,41,12.07,0.00,0.00,6.88,0.00,0.00
331,Goliad (ID: 198),2024-11-15,0.06,80,40,28,16.72,0.00,0.00,2.04,0.00,0.00
332,Goliad (ID: 198),2024-11-14,0.09,79,46,16,17.11,0.00,0.00,0.00,0.00,0.00
333,Houston (ID: 150),2024-11-27,0.07,80,57,59,8.15,0.00,0.00,6.34,12.57,13.51
334,Houston (ID: 150),2024-11-26,0.08,68,49,42,12.61,0.00,3.74,0.16,12.54,13.91
335,Houston (ID: 150),2024-11-25,0.09,84,56,47,11.30,0.00,0.00,3.83,12.59,13.53
336,Houston (ID: 150),2024-11-24,0.09,80,54,43,11.37,0.00,0.00,4.87,12.57,13.52
337,Houston (ID: 150),2024-11-23,0.07,75,44,37,13.91,0.00,0.00,5.61,12.51,14.02
338,Houston (ID: 150),2024-11-22,0.05,73,43,21,14.09,0.00,0.00,0.64,12.47,14.05
339,Houston (ID: 150),2024-11-21,0.04,71,39,11,14.58,0.00,0.00,0.34,12.46,14.14
340,Houston (ID: 150),2024-11-20,0.11,67,48,19,14.67,0.00,1.32,4.32,12.58,13.82
341,Houston (ID: 150),2024-11-19,0.06,81,54,21,14.75,0.00,0.00,1.54,12.45,13.82
342,Houston (ID: 150),2024-11-18,0.08,83,62,69,6.29,0.33,5.85,2.78,12.56,13.37
343,Houston (ID: 150),2024-11-17,0.09,82,74,69,6.82,0.71,4.82,7.49,12.59,13.34
344,Houston (ID: 150),2024-11-16,0.08,79,50,48,7.99,0.00,0.00,5.82,12.56,13.50
345,Houston (ID: 150),2024-11-15,0.08,72,45,37,14.81,0.00,0.00,4.38,12.47,13.99
346,Houston (ID: 150),2024-11-14,0.11,75,49,21,15.11,0.00,2.64,2.13,12.53,13.79
347,Houston North (ID: 326),2024-11-27,0.07,79,55,59,7.90,0.00,0.00,5.98,12.44,12.96
348,Houston North (ID: 326),2024-11-26,0.06,67,47,44,13.49,0.00,3.36,1.82,12.40,13.63
349,Houston North (ID: 326),2024-11-25,0.1,84,58,45,11.53,0.00,0.33,3.98,12.46,13.07
350,Houston North (ID: 326),2024-11-24,0.09,80,52,42,10.90,0.00,0.00,7.03,12.46,13.12
351,Houston North (ID: 326),2024-11-23,0.09,74,44,35,14.18,0.00,0.00,4.10,12.41,13.46
352,Houston North (ID: 326),2024-11-22,0.04,73,42,22,14.41,0.00,0.00,2.60,12.38,13.62
353,Houston North (ID: 326),2024-11-21,0.04,70,38,10,14.97,0.00,0.00,2.42,12.36,13.67
354,Houston North (ID: 326),2024-11-20,0.09,67,51,18,15.07,0.00,1.35,5.80,12.37,13.56
355,Houston North (ID: 326),2024-11-19,0.05,80,53,20,15.37,0.01,0.00,3.34,9.94,13.20
356,Houston North (ID: 326),2024-11-18,0.09,81,63,68,6.30,0.32,5.25,7.09,10.03,12.53
357,Houston North (ID: 326),2024-11-17,0.07,79,70,75,4.51,0.41,5.61,6.84,12.28,12.47
358,Houston North (ID: 326),2024-11-16,0.08,77,50,52,8.11,0.00,0.00,6.38,12.43,13.01
359,Houston North (ID: 326),2024-11-15,0.08,73,45,31,15.44,0.00,0.00,3.20,12.37,13.57
360,Houston North (ID: 326),2024-11-14,0.11,74,51,21,15.67,0.00,0.59,4.20,12.38,13.52
361,Kingsville (ID: 201),2024-11-26,0.12,74,54,45,12.30,0.00,11.11,0.00,0.00,0.00
362,Kingsville (ID: 201),2024-11-25,0.17,88,59,0,15.93,0.00,0.01,2.18,0.00,0.00
363,Kingsville (ID: 201),2024-11-24,0.15,85,54,43,16.18,0.00,0.00,6.67,0.00,0.00
364,Kingsville (ID: 201),2024-11-23,0.11,83,46,41,15.59,0.00,0.00,9.26,0.00,0.00
365,Kingsville (ID: 201),2024-11-22,0.09,81,42,23,17.04,0.00,0.00,3.58,0.00,0.00
366,Kingsville (ID: 201),2024-11-21,0.09,75,41,13,17.53,0.00,0.00,3.83,0.00,0.00
367,Kingsville (ID: 201),2024-11-20,0.22,75,46,17,17.59,0.00,6.42,9.88,0.00,0.00
368,Kingsville (ID: 201),2024-11-19,0.18,87,53,10,17.44,0.00,0.00,7.22,0.00,0.00
369,Kingsville (ID: 201),2024-11-18,0.23,90,65,34,11.83,0.00,11.96,12.79,0.00,0.00
370,Kingsville (ID: 201),2024-11-17,0.16,90,61,50,12.30,0.00,0.00,9.88,0.00,0.00
371,Kingsville (ID: 201),2024-11-16,0.12,84,52,47,14.15,0.00,0.00,11.82,0.00,0.00
372,Kingsville (ID: 201),2024-11-15,0.12,83,48,30,17.71,0.00,0.00,8.21,0.00,0.00
373,Kingsville (ID: 201),2024-11-14,0.19,80,53,21,17.99,0.00,4.06,8.02,0.00,0.00
374,Memorial Village (ID: 160),2024-11-27,0.05,79,57,62,4.78,0.00,0.00,2.91,12.35,13.01
375,Memorial Village (ID: 160),2024-11-26,0.04,66,49,45,7.01,0.00,1.39,0.75,12.31,13.88
376,Memorial Village (ID: 160),2024-11-25,0.06,83,59,47,6.79,0.00,0.00,1.57,12.38,13.51
377,Memorial Village (ID: 160),2024-11-24,0.04,80,57,46,7.35,0.00,0.01,2.08,12.32,13.46
378,Memorial Village (ID: 160),2024-11-23,0.04,75,47,35,7.67,0.00,0.00,1.27,12.31,13.70
379,Memorial Village (ID: 160),2024-11-22,0.04,73,46,20,7.96,0.00,0.00,2.00,12.26,13.69
380,Memorial Village (ID: 160),2024-11-21,0.03,70,41,10,8.43,0.00,0.00,1.24,12.28,13.79
381,Memorial Village (ID: 160),2024-11-20,0.06,68,51,18,8.20,0.00,0.45,2.44,12.36,13.64
382,Memorial Village (ID: 160),2024-11-19,0.04,80,54,20,8.56,0.00,0.00,1.46,12.14,13.51
383,Memorial Village (ID: 160),2024-11-18,0.05,83,63,62,4.07,0.23,0.07,1.47,12.26,12.86
384,Memorial Village (ID: 160),2024-11-17,0.04,81,72,71,3.94,0.73,0.13,2.10,12.32,12.79
385,Memorial Village (ID: 160),2024-11-16,0.04,79,54,48,5.19,0.00,0.00,1.51,12.32,13.01
386,Memorial Village (ID: 160),2024-11-15,0.04,74,48,34,8.38,0.00,0.00,1.21,12.29,13.73
387,Memorial Village (ID: 160),2024-11-14,0.04,75,54,20,8.69,0.00,0.00,1.61,12.33,13.67
388,Refugio (ID: 188),2024-11-26,0.1,72,50,45,12.99,0.00,8.44,0.00,0.00,0.00
389,Refugio (ID: 188),2024-11-25,0.22,88,35,0,12.98,0.00,0.00,5.88,0.00,0.00
390,Refugio (ID: 188),2024-11-24,0.24,87,36,0,14.07,0.00,0.00,9.91,0.00,0.00
391,Refugio (ID: 188),2024-11-23,0.13,82,35,0,14.75,0.00,0.00,4.83,0.00,0.00
392,Refugio (ID: 188),2024-11-22,0.09,82,35,14,16.18,0.00,0.00,4.53,0.00,0.00
393,Refugio (ID: 188),2024-11-21,0.09,77,36,8,16.67,0.00,0.47,2.71,0.00,0.00
394,Refugio (ID: 188),2024-11-20,0.17,77,42,13,16.90,0.00,4.19,6.89,0.00,0.00
395,Refugio (ID: 188),2024-11-19,0.15,91,47,9,16.82,0.00,0.00,1.69,0.00,0.00
396,Refugio (ID: 188),2024-11-18,0.27,91,55,0,8.77,0.04,12.48,1.88,0.00,0.00
397,Refugio (ID: 188),2024-11-17,0.25,86,34,0,9.98,0.00,0.00,9.13,0.00,0.00
398,Refugio (ID: 188),2024-11-15,0.09,82,39,25,16.94,0.00,0.00,3.03,0.00,0.00
399,Refugio (ID: 188),2024-11-14,0.09,81,45,16,17.45,0.00,0.00,0.00,0.00,0.00
400,Richmond North (ID: 161),2024-11-27,0.06,79,53,65,6.98,0.00,0.02,5.05,12.43,13.37
401,Richmond North (ID: 161),2024-11-26,0.07,65,47,47,11.72,0.00,4.49,1.30,12.41,13.91
402,Richmond North (ID: 161),2024-11-25,0.09,83,56,50,11.32,0.00,0.00,3.61,12.46,13.57
403,Richmond North (ID: 161),2024-11-24,0.07,79,53,50,10.18,0.00,0.00,3.79,12.45,13.64
404,Richmond North (ID: 161),2024-11-23,0.07,75,43,38,13.37,0.00,0.00,2.85,12.39,13.91
405,Richmond North (ID: 161),2024-11-22,0.04,73,41,22,13.59,0.00,0.00,1.07,12.38,14.00
406,Richmond North (ID: 161),2024-11-21,0.04,70,37,13,14.04,0.00,0.00,1.37,12.37,14.12
407,Richmond North (ID: 161),2024-11-20,0.11,66,50,20,14.11,0.00,2.58,7.81,12.49,13.79
408,Richmond North (ID: 161),2024-11-19,0.05,79,50,26,14.25,0.00,0.00,1.80,12.28,13.77
409,Richmond North (ID: 161),2024-11-18,0.07,82,61,65,5.07,0.02,0.83,4.26,12.45,13.21
410,Richmond North (ID: 161),2024-11-17,0.06,81,70,78,6.57,0.28,0.91,4.24,12.48,13.16
411,Richmond North (ID: 161),2024-11-16,0.06,78,50,49,8.05,0.00,0.00,3.26,12.44,13.37
412,Richmond North (ID: 161),2024-11-15,0.08,73,45,40,14.20,0.00,0.00,3.86,12.37,13.95
413,Richmond North (ID: 161),2024-11-14,0.1,73,50,23,14.58,0.00,0.37,5.43,12.40,13.79
414,Richmond South (ID: 151),2024-11-27,0.1,81,55,59,8.20,0.00,1.30,11.38,12.59,13.46
415,Richmond South (ID: 151),2024-11-26,0.11,68,49,42,12.36,0.00,6.50,1.36,12.54,13.87
416,Richmond South (ID: 151),2024-11-25,0.13,85,56,44,11.30,0.00,0.01,8.62,12.58,13.61
417,Richmond South (ID: 151),2024-11-24,0.13,81,56,43,11.48,0.00,0.90,10.11,12.56,13.57
418,Richmond South (ID: 151),2024-11-23,0.13,79,49,32,14.50,0.00,0.00,4.51,12.52,13.93
419,Richmond South (ID: 151),2024-11-22,0.08,75,43,19,14.89,0.00,0.38,2.13,12.50,14.02
420,Richmond South (ID: 151),2024-11-21,0.07,71,40,11,15.26,0.00,0.83,2.06,12.48,14.11
421,Richmond South (ID: 151),2024-11-20,0.14,68,50,19,15.42,0.00,3.19,10.11,12.58,13.82
422,Richmond South (ID: 151),2024-11-19,0.09,81,48,23,15.36,0.01,0.04,3.31,12.53,13.80
423,Richmond South (ID: 151),2024-11-18,0.11,82,61,63,6.07,0.11,4.71,10.86,12.59,13.32
424,Richmond South (ID: 151),2024-11-17,0.09,82,67,72,6.82,0.36,4.89,9.38,12.62,13.38
425,Richmond South (ID: 151),2024-11-16,0.12,83,56,40,9.18,0.00,2.50,6.17,12.59,13.50
426,Richmond South (ID: 151),2024-11-15,0.1,77,46,35,15.58,0.00,0.00,4.29,12.51,13.93
427,Richmond South (ID: 151),2024-11-14,0.15,75,54,22,16.00,0.00,1.68,5.88,12.54,13.81
428,Spring (ID: 152),2024-11-27,0.08,78,56,60,7.37,0.00,0.11,8.32,12.60,13.62
429,Spring (ID: 152),2024-11-26,0.1,68,46,40,13.95,0.00,5.28,1.39,12.53,14.06
430,Spring (ID: 152),2024-11-25,0.13,84,56,41,12.06,0.00,0.04,5.92,12.62,13.70
431,Spring (ID: 152),2024-11-24,0.1,79,54,43,10.75,0.00,0.00,7.70,12.58,13.83
432,Spring (ID: 152),2024-11-23,0.07,75,44,30,14.58,0.00,0.00,4.12,12.54,14.10
433,Spring (ID: 152),2024-11-22,0.07,73,43,22,14.63,0.00,0.01,2.34,12.50,14.11
434,Spring (ID: 152),2024-11-21,0.04,71,40,9,15.33,0.00,0.00,2.14,12.48,14.18
435,Spring (ID: 152),2024-11-20,0.15,67,50,13,15.41,0.00,3.39,8.75,12.59,13.88
436,Spring (ID: 152),2024-11-19,0.05,80,52,17,15.40,0.00,0.00,3.21,12.47,13.89
437,Spring (ID: 152),2024-11-18,0.11,82,63,61,5.00,0.05,4.77,8.24,12.58,13.39
438,Spring (ID: 152),2024-11-17,0.07,81,69,68,6.37,0.41,0.38,7.16,12.61,13.44
439,Spring (ID: 152),2024-11-16,0.06,77,51,48,7.38,0.00,0.00,3.08,12.55,13.77
440,Spring (ID: 152),2024-11-15,0.08,74,46,29,15.57,0.00,0.00,3.03,12.51,14.05
441,Spring (ID: 152),2024-11-14,0.13,73,53,20,15.97,0.00,0.00,6.32,12.52,13.88
442,Victoria County West (ID: 316),2024-11-26,0.05,72,49,37,14.21,0.00,0.00,0.00,0.00,0.00
443,Victoria County West (ID: 316),2024-11-25,0.07,89,54,37,14.52,0.01,0.00,0.00,0.00,0.00
444,Victoria County West (ID: 316),2024-11-24,0.07,84,60,35,14.18,0.00,0.00,0.00,0.00,0.00
445,Victoria County West (ID: 316),2024-11-23,0.06,80,43,34,15.26,0.00,0.00,0.00,0.00,0.00
446,Victoria County West (ID: 316),2024-11-22,0.05,80,43,12,16.26,0.00,0.00,0.00,0.00,0.00
447,Victoria County West (ID: 316),2024-11-21,0.04,75,35,7,16.86,0.00,0.00,0.00,0.00,0.00
448,Victoria County West (ID: 316),2024-11-20,0.05,71,45,11,17.10,0.00,0.00,0.00,0.00,0.00
449,Victoria County West (ID: 316),2024-11-19,0.05,86,49,9,17.10,0.00,0.00,0.00,0.00,0.00
450,Victoria County West (ID: 316),2024-11-18,0.05,84,60,33,9.15,0.03,0.00,0.00,0.00,0.00
451,Victoria County West (ID: 316),2024-11-17,0.07,87,63,55,10.71,0.01,0.00,0.00,0.00,0.00
452,Victoria County West (ID: 316),2024-11-16,0.06,83,58,36,12.30,0.00,0.00,0.00,0.00,0.00
453,Victoria County West (ID: 316),2024-11-15,0.06,80,44,21,17.35,0.00,0.00,0.00,0.00,0.00
454,Victoria County West (ID: 316),2024-11-14,0.06,78,48,15,17.73,0.00,0.00,0.00,0.00,0.00
455,Corpus Christi Agrilife (ID: 322),2024-11-28,0.13,72,60,44,4.76,0.00,4.55,10.88,12.57,13.58
456,Dickinson (ID: 149),2024-11-28,0.1,71,57,55,7.29,0.00,0.15,8.01,12.57,13.80
457,Driscoll (ID: 324),2024-11-28,0.17,71,60,44,3.56,0.00,25.89,16.50,10.21,13.70
458,Houston (ID: 150),2024-11-28,0.08,70,53,53,6.05,0.00,5.84,5.43,12.56,13.77
459,Houston North (ID: 326),2024-11-28,0.08,73,53,53,6.88,0.00,2.02,3.28,12.37,13.03
460,Memorial Village (ID: 160),2024-11-28,0.05,71,54,48,4.34,0.00,0.33,1.63,12.33,13.17
461,Richmond North (ID: 161),2024-11-28,0.09,68,52,51,5.94,0.00,1.24,7.80,12.46,13.54
462,Richmond South (ID: 151),2024-11-28,0.09,64,54,49,5.46,0.00,2.43,9.50,12.58,13.75
463,Spring (ID: 152),2024-11-28,0.11,71,51,50,7.45,0.00,8.22,7.19,12.58,13.85
464,Corpus Christi Agrilife (ID: 322),2024-11-29,0.14,59,50,44,9.23,0.00,13.05,8.80,12.51,13.66
465,Corpus Christi North (ID: 327),2024-11-28,0.13,73,59,37,5.55,0.00,1.44,7.34,9.90,10.63
466,Corpus Christi North (ID: 327),2024-11-27,0.14,85,60,46,12.17,0.00,0.00,8.91,9.79,12.93
467,Dickinson (ID: 149),2024-11-29,0.13,59,49,35,13.52,0.00,7.44,7.58,12.47,14.07
468,Driscoll (ID: 324),2024-11-29,0.18,61,50,44,9.23,0.00,18.68,15.83,10.43,14.36
469,Houston (ID: 150),2024-11-29,0.12,59,46,30,13.43,0.00,4.70,4.89,12.46,14.00
470,Houston North (ID: 326),2024-11-29,0.09,59,45,30,13.27,0.00,4.41,4.44,12.22,13.66
471,Memorial Village (ID: 160),2024-11-29,0.05,59,46,30,7.16,0.00,1.76,2.32,12.25,13.96
472,Richmond North (ID: 161),2024-11-29,0.12,58,44,32,12.82,0.00,6.69,7.51,12.39,14.02
473,Richmond South (ID: 151),2024-11-29,0.13,60,45,29,13.70,0.00,8.96,7.30,12.52,13.98
474,Spring (ID: 152),2024-11-29,0.11,58,43,28,13.67,0.00,6.36,5.83,12.50,14.18
475,Corpus Christi Agrilife (ID: 322),2024-11-30,0.1,65,54,49,3.53,0.00,8.16,8.13,12.51,13.38
476,Dickinson (ID: 149),2024-11-30,0.08,59,46,49,9.19,0.00,3.80,5.52,12.47,14.07
477,Houston (ID: 150),2024-11-30,0.06,60,41,52,8.80,0.00,0.12,4.16,12.48,13.98
478,Houston North (ID: 326),2024-11-30,0.07,62,40,44,11.24,0.00,1.42,4.67,12.39,13.69
479,Memorial Village (ID: 160),2024-11-30,0.03,61,42,49,5.68,0.00,0.00,1.22,12.21,13.81
480,Richmond North (ID: 161),2024-11-30,0.06,61,42,51,6.49,0.00,2.42,2.44,12.41,13.68
481,Richmond South (ID: 151),2024-11-30,0.08,62,43,49,6.87,0.00,3.65,5.18,12.53,13.96
482,Spring (ID: 152),2024-11-30,0.05,61,39,43,10.18,0.00,0.47,1.66,12.54,14.12
483,Corpus Christi Agrilife (ID: 322),2024-12-08,0.02,57,49,99,2.01,0.03,3.74,5.52,12.47,13.17
484,Corpus Christi Agrilife (ID: 322),2024-12-07,0.06,58,49,66,2.84,0.02,13.96,5.93,12.51,13.28
485,Corpus Christi Agrilife (ID: 322),2024-12-06,0.07,62,54,70,4.68,0.00,13.56,16.70,12.50,13.68
486,Corpus Christi Agrilife (ID: 322),2024-12-05,0.02,64,61,99,2.84,0.00,4.80,8.09,12.57,13.22
487,Corpus Christi Agrilife (ID: 322),2024-12-04,0.03,70,61,99,6.49,0.21,9.21,5.66,12.55,13.59
488,Corpus Christi Agrilife (ID: 322),2024-12-03,0.09,68,56,67,4.49,0.12,11.99,13.93,12.56,13.65
489,Corpus Christi Agrilife (ID: 322),2024-12-02,0.13,71,59,51,9.46,0.00,10.81,14.23,12.56,13.59
490,Corpus Christi Agrilife (ID: 322),2024-12-01,0.05,71,59,86,5.07,0.00,7.60,13.16,12.52,13.59
491,Corpus Christi South (ID: 328),2024-11-30,0.12,64,54,42,4.74,0.00,7.52,6.70,9.53,12.59
492,Corpus Christi South (ID: 328),2024-11-29,0.14,60,50,39,9.78,0.00,8.36,8.65,8.84,13.13
493,Corpus Christi South (ID: 328),2024-11-28,0.13,73,60,40,2.99,0.00,0.98,7.56,12.14,12.53
494,Corpus Christi South (ID: 328),2024-11-27,0.11,83,60,54,12.59,0.00,0.00,7.88,12.31,13.28
495,Corpus Christi South (ID: 328),2024-11-26,0.13,72,56,47,13.46,0.00,9.42,3.71,12.31,13.57
496,Corpus Christi South (ID: 328),2024-11-25,0.15,84,69,49,14.30,0.00,4.46,7.17,12.36,13.28
497,Dickinson (ID: 149),2024-12-08,0.03,65,53,86,2.46,0.14,2.12,0.80,12.47,13.83
498,Dickinson (ID: 149),2024-12-07,0.08,60,47,42,3.39,0.02,6.75,4.34,12.46,14.13
499,Dickinson (ID: 149),2024-12-06,0.12,57,44,30,12.59,0.00,6.27,6.84,12.46,14.17
500,Dickinson (ID: 149),2024-12-05,0.07,68,59,51,3.21,0.03,1.24,5.49,12.57,13.80
501,Dickinson (ID: 149),2024-12-04,0.07,75,56,69,6.11,0.13,3.52,7.85,12.58,13.70
502,Dickinson (ID: 149),2024-12-03,0.08,62,47,40,10.36,0.00,0.18,6.39,12.55,14.01
503,Dickinson (ID: 149),2024-12-02,0.08,63,51,34,13.41,0.00,1.81,5.42,12.52,13.99
504,Dickinson (ID: 149),2024-12-01,0.08,66,53,34,10.57,0.00,1.23,4.78,12.51,13.86
505,Driscoll (ID: 324),2024-12-03,0.11,68,57,65,3.00,0.16,19.85,23.04,9.96,13.22
506,Driscoll (ID: 324),2024-12-01,0.1,71,58,74,4.52,0.01,5.43,19.01,9.76,13.42
507,Driscoll (ID: 324),2024-11-30,0.15,65,55,47,3.03,0.00,12.64,11.64,10.50,13.37
508,Freer (ID: 319),2024-12-08,0.02,53,47,93,1.72,0.27,4.19,2.52,0.00,0.00
509,Freer (ID: 319),2024-12-07,0.05,51,44,46,1.15,0.09,5.09,2.00,0.00,0.00
510,Freer (ID: 319),2024-12-06,0.07,57,48,46,3.20,0.04,4.34,4.30,0.00,0.00
511,Freer (ID: 319),2024-12-05,0.04,62,57,82,4.07,0.07,2.89,5.75,0.00,0.00
512,Freer (ID: 319),2024-12-04,0.06,66,52,72,7.32,0.07,6.79,2.99,0.00,0.00
513,Freer (ID: 319),2024-12-03,0.09,62,54,37,2.55,0.05,6.33,5.74,0.00,0.00
514,Freer (ID: 319),2024-12-02,0.14,69,59,32,5.16,0.00,6.84,7.98,0.00,0.00
515,Freer (ID: 319),2024-12-01,0.08,70,54,65,5.01,0.00,3.52,6.68,0.00,0.00
516,Garwood (ID: 193),2024-12-06,0.13,58,46,25,10.90,0.00,7.37,6.40,0.00,0.00
517,Garwood (ID: 193),2024-12-03,0.1,64,44,32,6.70,0.00,0.00,4.20,0.00,0.00
518,Garwood (ID: 193),2024-12-02,0.09,68,41,19,14.78,0.00,0.00,4.19,0.00,0.00
519,Garwood (ID: 193),2024-12-01,0.08,72,48,36,11.14,0.00,0.00,3.68,0.00,0.00
520,Goliad (ID: 198),2024-12-08,0.06,43,39,0,1.33,0.41,0.95,0.00,0.00,0.00
521,Goliad (ID: 198),2024-12-07,0.11,57,43,0,4.17,0.00,6.81,0.00,0.00,0.00
522,Goliad (ID: 198),2024-12-06,0.1,59,51,29,5.27,0.00,0.00,0.00,0.00,0.00
523,Goliad (ID: 198),2024-12-05,0.12,60,48,0,2.30,0.01,3.64,6.92,0.00,0.00
524,Goliad (ID: 198),2024-12-04,0.11,67,53,0,4.39,0.28,0.00,4.67,0.00,0.00
525,Goliad (ID: 198),2024-12-03,0.05,65,51,46,4.35,0.02,0.00,0.00,0.00,0.00
526,Goliad (ID: 198),2024-12-02,0.07,71,47,24,13.16,0.00,0.00,0.00,0.00,0.00
527,Goliad (ID: 198),2024-12-01,0.04,72,52,48,9.12,0.00,0.00,0.00,0.00,0.00
528,Houston (ID: 150),2024-12-08,0.03,63,51,92,2.37,0.21,2.19,1.40,12.41,13.15
529,Houston (ID: 150),2024-12-07,0.07,58,46,47,3.21,0.00,3.29,5.14,12.58,13.44
530,Houston (ID: 150),2024-12-06,0.11,57,43,23,12.55,0.00,4.35,4.45,12.40,14.09
531,Houston (ID: 150),2024-12-05,0.07,65,55,43,3.72,0.01,0.11,5.38,12.50,13.30
532,Houston (ID: 150),2024-12-04,0.06,75,56,65,4.59,0.20,5.56,0.53,12.58,13.50
533,Houston (ID: 150),2024-12-03,0.1,65,42,29,10.03,0.00,1.28,5.69,12.54,13.99
534,Houston (ID: 150),2024-12-02,0.08,66,40,28,13.33,0.00,0.00,4.25,12.50,14.06
535,Houston (ID: 150),2024-12-01,0.06,68,47,27,11.71,0.00,0.00,3.80,12.54,13.69
536,Houston North (ID: 326),2024-12-06,0.09,56,41,25,12.74,0.00,1.40,4.75,9.91,13.63
537,Houston North (ID: 326),2024-12-05,0.06,65,56,41,5.95,0.01,0.24,5.22,12.19,12.76
538,Houston North (ID: 326),2024-12-04,0.07,73,54,60,4.55,0.16,4.14,5.51,12.37,12.62
539,Houston North (ID: 326),2024-12-03,0.08,66,42,28,10.88,0.00,0.02,4.83,12.39,13.62
540,Houston North (ID: 326),2024-12-02,0.06,66,40,27,13.78,0.00,0.00,3.69,12.38,13.68
541,Houston North (ID: 326),2024-12-01,0.06,67,49,31,12.93,0.00,0.08,3.47,12.37,13.48
550,Memorial Village (ID: 160),2024-12-08,0.02,62,52,80,1.74,0.26,0.00,0.00,12.10,12.57
551,Memorial Village (ID: 160),2024-12-07,0.04,56,44,39,2.38,0.05,2.21,1.23,12.24,12.76
552,Memorial Village (ID: 160),2024-12-06,0.05,57,44,21,6.70,0.00,2.15,2.81,12.14,13.98
553,Memorial Village (ID: 160),2024-12-05,0.03,66,57,42,3.24,0.01,0.00,2.10,12.26,12.87
554,Memorial Village (ID: 160),2024-12-04,0.03,75,56,52,2.92,0.12,1.14,1.08,12.34,12.91
555,Memorial Village (ID: 160),2024-12-03,0.03,66,45,27,7.27,0.00,0.00,1.83,12.27,13.90
556,Memorial Village (ID: 160),2024-12-02,0.03,66,44,25,6.97,0.00,0.00,1.65,12.28,13.93
557,Memorial Village (ID: 160),2024-12-01,0.04,68,52,30,6.87,0.00,0.00,1.76,12.32,13.73
558,Refugio (ID: 188),2024-12-08,0.07,35,31,0,1.56,0.11,3.37,1.86,0.00,0.00
559,Refugio (ID: 188),2024-12-07,0.12,57,33,0,3.43,0.00,8.97,2.11,0.00,0.00
560,Refugio (ID: 188),2024-12-06,0.11,59,53,38,4.71,0.00,8.75,5.82,0.00,0.00
561,Refugio (ID: 188),2024-12-05,0.12,59,43,0,2.96,0.00,4.92,8.16,0.00,0.00
562,Refugio (ID: 188),2024-12-04,0.11,63,40,0,6.37,0.44,5.59,2.71,0.00,0.00
563,Refugio (ID: 188),2024-12-03,0.1,68,53,53,4.24,0.01,0.00,7.25,0.00,0.00
564,Refugio (ID: 188),2024-12-02,0.16,77,55,32,11.91,0.00,3.53,0.58,0.00,0.00
565,Refugio (ID: 188),2024-12-01,0.09,81,50,54,8.07,0.00,5.16,3.63,0.00,0.00
566,Richmond North (ID: 161),2024-12-08,0.02,59,51,79,2.01,0.24,0.24,0.02,12.17,12.61
567,Richmond North (ID: 161),2024-12-07,0.08,55,45,41,2.91,0.00,4.79,4.23,12.48,12.83
568,Richmond North (ID: 161),2024-12-06,0.11,56,44,24,11.84,0.00,5.24,6.30,12.15,14.02
569,Richmond North (ID: 161),2024-12-05,0.06,64,56,53,4.23,0.00,0.02,7.51,12.26,13.09
570,Richmond North (ID: 161),2024-12-04,0.06,72,57,59,3.25,0.08,4.04,1.69,12.41,13.05
571,Richmond North (ID: 161),2024-12-03,0.09,64,42,30,7.45,0.00,2.00,4.64,12.42,13.79
572,Richmond North (ID: 161),2024-12-02,0.08,65,42,26,12.79,0.00,0.00,5.09,12.42,13.96
573,Richmond North (ID: 161),2024-12-01,0.08,68,48,34,11.70,0.00,0.36,4.44,12.41,13.66
574,Richmond South (ID: 151),2024-12-08,0.03,55,48,83,2.05,0.33,1.09,3.79,12.54,13.16
575,Richmond South (ID: 151),2024-12-07,0.08,56,46,40,3.47,0.00,5.79,6.37,12.57,13.78
576,Richmond South (ID: 151),2024-12-06,0.12,57,45,20,12.75,0.00,6.37,7.07,12.51,14.02
577,Richmond South (ID: 151),2024-12-05,0.07,64,54,47,3.51,0.01,0.17,7.72,12.58,13.43
578,Richmond South (ID: 151),2024-12-04,0.07,75,57,68,4.37,0.16,5.25,9.92,12.59,13.50
579,Richmond South (ID: 151),2024-12-03,0.11,65,42,29,8.89,0.00,3.93,6.42,12.53,14.01
580,Richmond South (ID: 151),2024-12-02,0.11,68,47,22,13.68,0.00,1.43,6.51,12.53,14.02
581,Richmond South (ID: 151),2024-12-01,0.09,70,53,29,11.92,0.00,1.51,5.63,12.56,13.66
582,Spring (ID: 152),2024-12-08,0.02,59,51,92,1.87,0.14,1.84,0.75,12.49,13.17
583,Spring (ID: 152),2024-12-07,0.04,51,43,40,2.61,0.06,1.26,2.16,12.57,13.47
584,Spring (ID: 152),2024-12-06,0.07,57,42,24,12.66,0.00,2.17,5.31,12.55,14.15
585,Spring (ID: 152),2024-12-05,0.08,65,55,37,6.81,0.00,0.04,5.16,12.55,13.77
586,Spring (ID: 152),2024-12-04,0.05,71,54,57,3.41,1.14,2.27,1.42,12.61,13.55
587,Spring (ID: 152),2024-12-03,0.06,65,43,25,11.07,0.00,1.03,3.33,12.56,14.14
588,Spring (ID: 152),2024-12-02,0.06,66,41,23,14.20,0.00,0.78,3.85,12.57,14.21
589,Spring (ID: 152),2024-12-01,0.07,67,51,29,13.34,0.00,0.13,3.51,12.56,13.89
590,Victoria County West (ID: 316),2024-12-08,0.02,55,48,96,1.30,0.57,0.00,0.00,0.00,0.00
591,Victoria County West (ID: 316),2024-12-07,0.03,55,46,40,4.26,0.01,0.00,0.00,0.00,0.00
592,Victoria County West (ID: 316),2024-12-06,0.03,58,51,27,6.04,0.00,0.00,0.00,0.00,0.00
593,Victoria County West (ID: 316),2024-12-05,0.03,62,58,56,2.55,0.01,0.00,0.00,0.00,0.00
594,Victoria County West (ID: 316),2024-12-04,0.03,71,60,68,3.33,0.44,0.00,0.00,0.00,0.00
595,Victoria County West (ID: 316),2024-12-03,0.03,64,50,35,4.06,0.00,0.00,0.00,0.00,0.00
596,Victoria County West (ID: 316),2024-12-02,0.04,70,49,15,14.95,0.00,0.00,0.00,0.00,0.00
597,Victoria County West (ID: 316),2024-12-01,0.05,74,53,46,10.64,0.00,0.00,0.00,0.00,0.00
598,Kingsville (ID: 201),2024-12-08,0.08,56,48,0,1.69,0.03,5.58,2.40,0.00,0.00
599,Kingsville (ID: 201),2024-12-07,0.12,53,47,0,1.94,0.01,11.39,6.24,0.00,0.00
600,Kingsville (ID: 201),2024-12-06,0.07,60,51,66,5.00,0.12,10.39,10.18,0.00,0.00
601,Kingsville (ID: 201),2024-12-05,0.14,65,59,0,2.96,0.04,4.15,10.19,0.00,0.00
602,Kingsville (ID: 201),2024-12-04,0.17,72,7,0,8.27,0.12,7.19,1.72,0.00,0.00
603,Kingsville (ID: 201),2024-12-03,0.19,65,20,0,2.79,0.33,11.19,10.15,0.00,0.00
604,Kingsville (ID: 201),2024-12-02,0.17,73,62,44,7.64,0.00,10.71,13.34,0.00,0.00
605,Kingsville (ID: 201),2024-12-01,0.08,73,56,71,4.66,0.00,0.00,10.65,0.00,0.00
606,Corpus Christi Agrilife (ID: 322),2024-12-22,0.11,74,53,56,10.58,0.00,5.20,14.08,12.52,13.60
607,Corpus Christi Agrilife (ID: 322),2024-12-21,0.07,68,45,75,12.40,0.00,4.56,10.96,12.51,13.68
608,Corpus Christi Agrilife (ID: 322),2024-12-20,0.1,73,53,52,10.90,0.00,6.12,6.54,12.53,13.59
609,Corpus Christi Agrilife (ID: 322),2024-12-19,0.1,70,49,50,12.23,0.00,6.90,3.65,12.53,13.67
610,Corpus Christi Agrilife (ID: 322),2024-12-18,0.08,81,60,77,8.66,0.00,1.66,13.26,12.58,13.49
611,Corpus Christi Agrilife (ID: 322),2024-12-17,0.11,81,63,65,10.89,0.00,1.61,14.35,12.58,13.49
612,Corpus Christi Agrilife (ID: 322),2024-12-16,0.07,80,65,85,8.20,0.00,4.24,12.67,12.60,13.52
613,Corpus Christi Agrilife (ID: 322),2024-12-15,0.07,79,67,85,7.22,0.00,4.59,16.15,12.60,13.52
614,Corpus Christi Agrilife (ID: 322),2024-12-14,0.04,77,69,96,6.07,0.05,5.73,10.41,12.60,13.52
615,Corpus Christi Agrilife (ID: 322),2024-12-13,0.03,73,64,96,4.61,0.07,1.17,10.41,12.61,13.27
616,Corpus Christi Agrilife (ID: 322),2024-12-12,0.09,70,39,56,7.44,0.00,1.34,12.94,12.53,13.74
617,Corpus Christi Agrilife (ID: 322),2024-12-11,0.13,64,37,19,13.45,0.00,4.45,3.23,12.55,13.79
618,Corpus Christi Agrilife (ID: 322),2024-12-10,0.11,66,53,47,4.58,0.00,1.86,17.11,12.65,13.65
619,Corpus Christi Agrilife (ID: 322),2024-12-09,0.07,80,55,77,9.53,0.00,3.33,4.19,12.47,13.52
620,Corpus Christi North (ID: 327),2024-12-22,0.12,74,49,45,13.08,0.00,3.46,9.78,9.47,13.49
621,Corpus Christi North (ID: 327),2024-12-21,0.1,67,44,53,14.70,0.00,3.54,8.99,8.82,13.78
622,Corpus Christi North (ID: 327),2024-12-20,0.1,73,52,41,11.79,0.00,1.31,5.76,9.68,13.55
623,Corpus Christi North (ID: 327),2024-12-19,0.11,71,48,39,14.49,0.00,4.40,2.53,9.69,13.72
624,Corpus Christi North (ID: 327),2024-12-18,0.1,80,61,55,11.15,0.00,0.01,6.05,9.76,13.30
625,Corpus Christi North (ID: 327),2024-12-17,0.1,81,63,51,11.45,0.02,0.00,9.89,9.47,12.89
626,Corpus Christi North (ID: 327),2024-12-16,0.11,80,68,59,8.39,0.00,6.37,7.18,9.21,12.74
627,Corpus Christi North (ID: 327),2024-12-13,0.06,73,61,70,4.86,0.02,0.00,4.34,8.96,12.73
628,Corpus Christi North (ID: 327),2024-12-12,0.1,69,37,45,9.87,0.00,0.00,9.12,9.62,13.69
629,Corpus Christi North (ID: 327),2024-12-10,0.1,66,53,39,6.04,0.00,0.07,12.04,9.90,12.61
630,Corpus Christi South (ID: 328),2024-12-22,0.11,73,59,49,13.27,0.00,0.09,8.46,12.27,13.48
631,Corpus Christi South (ID: 328),2024-12-21,0.11,65,54,53,14.37,0.00,2.78,10.11,12.24,13.64
632,Corpus Christi South (ID: 328),2024-12-20,0.09,69,53,48,12.49,0.00,0.23,8.49,12.22,13.51
633,Corpus Christi South (ID: 328),2024-12-19,0.11,66,52,48,14.11,0.00,11.86,5.65,12.12,13.67
634,Corpus Christi South (ID: 328),2024-12-18,0.1,79,63,51,10.05,0.00,0.05,5.79,12.21,13.04
635,Corpus Christi South (ID: 328),2024-12-17,0.1,80,64,57,12.46,0.00,0.00,9.20,12.15,12.96
636,Corpus Christi South (ID: 328),2024-12-13,0.07,75,65,69,6.26,0.00,0.85,6.70,12.23,12.61
637,Corpus Christi South (ID: 328),2024-12-12,0.09,70,40,45,10.55,0.00,0.00,7.33,12.24,13.67
638,Corpus Christi South (ID: 328),2024-12-10,0.11,68,56,36,4.40,0.01,0.00,9.37,9.65,12.54
639,Dickinson (ID: 149),2024-12-22,0.07,63,45,54,12.79,0.00,2.77,6.28,12.50,14.15
640,Dickinson (ID: 149),2024-12-21,0.08,57,45,33,13.32,0.00,3.66,4.44,12.53,14.17
641,Dickinson (ID: 149),2024-12-20,0.08,68,48,25,13.17,0.00,0.00,5.35,12.49,14.10
642,Dickinson (ID: 149),2024-12-19,0.05,63,50,66,6.94,0.00,4.84,0.09,12.52,13.98
643,Dickinson (ID: 149),2024-12-18,0.07,77,61,59,8.75,0.17,0.26,1.34,12.60,13.73
644,Dickinson (ID: 149),2024-12-17,0.07,77,64,63,8.69,0.00,0.19,7.23,12.60,13.67
645,Dickinson (ID: 149),2024-12-16,0.06,79,64,59,9.05,0.00,0.18,4.47,12.60,13.68
646,Dickinson (ID: 149),2024-12-15,0.08,77,66,65,10.57,0.00,0.00,6.15,12.61,13.69
647,Dickinson (ID: 149),2024-12-14,0.06,76,63,70,6.83,0.00,2.86,6.20,12.52,13.72
648,Dickinson (ID: 149),2024-12-13,0.04,62,58,80,2.45,0.17,5.72,4.72,12.57,13.68
649,Dickinson (ID: 149),2024-12-12,0.07,61,36,38,12.94,0.00,0.00,7.64,12.44,14.30
650,Dickinson (ID: 149),2024-12-11,0.1,60,39,18,13.73,0.00,5.47,5.21,12.49,14.28
651,Dickinson (ID: 149),2024-12-10,0.1,69,52,44,10.00,0.00,1.20,11.11,12.58,13.77
652,Dickinson (ID: 149),2024-12-09,0.04,76,59,72,5.18,0.00,0.19,3.01,12.48,13.72
653,Driscoll (ID: 324),2024-12-22,0.15,75,50,53,10.39,0.00,5.60,21.87,10.23,14.19
654,Driscoll (ID: 324),2024-12-21,0.11,69,44,62,11.77,0.00,5.60,19.01,9.95,14.29
655,Driscoll (ID: 324),2024-12-20,0.13,73,51,51,9.60,0.00,9.62,16.16,10.53,14.27
656,Driscoll (ID: 324),2024-12-19,0.14,71,47,47,10.64,0.00,7.28,9.29,10.55,14.26
657,Driscoll (ID: 324),2024-12-18,0.11,81,59,66,7.88,0.00,4.26,18.01,12.41,13.96
658,Driscoll (ID: 324),2024-12-17,0.16,83,61,55,11.09,0.00,5.77,19.01,10.53,14.08
659,Driscoll (ID: 324),2024-12-16,0.14,81,69,68,7.72,0.00,14.82,17.67,10.51,14.06
660,Driscoll (ID: 324),2024-12-12,0.14,71,36,53,7.58,0.00,3.59,19.85,12.72,14.10
661,Driscoll (ID: 324),2024-12-11,0.17,64,36,23,13.47,0.00,6.10,10.80,10.45,14.39
662,Driscoll (ID: 324),2024-12-10,0.12,66,52,52,3.45,0.00,0.00,26.73,12.71,14.25
663,Freer (ID: 319),2024-12-19,0.1,74,46,29,15.16,0.00,3.31,2.99,0.00,0.00
664,Freer (ID: 319),2024-12-18,0.09,77,56,53,8.44,0.02,0.18,6.84,0.00,0.00
665,Freer (ID: 319),2024-12-17,0.13,83,64,44,11.90,0.00,3.54,8.30,0.00,0.00
666,Freer (ID: 319),2024-12-16,0.13,82,68,51,8.54,0.00,5.79,4.53,0.00,0.00
667,Freer (ID: 319),2024-12-15,0.08,78,68,70,6.30,0.00,6.11,6.59,0.00,0.00
668,Freer (ID: 319),2024-12-14,0.04,72,68,92,3.78,0.17,4.76,4.39,0.00,0.00
669,Freer (ID: 319),2024-12-13,0.06,72,59,73,4.77,0.04,1.06,5.80,0.00,0.00
670,Freer (ID: 319),2024-12-12,0.12,69,38,37,11.27,0.00,2.79,6.67,0.00,0.00
671,Freer (ID: 319),2024-12-11,0.11,65,35,11,17.15,0.00,3.97,1.48,0.00,0.00
672,Freer (ID: 319),2024-12-10,0.13,66,45,36,15.53,0.00,4.06,11.78,0.00,0.00
673,Freer (ID: 319),2024-12-09,0.11,82,52,33,15.60,0.00,0.36,3.04,0.00,0.00
674,Garwood (ID: 193),2024-12-19,0.08,69,44,42,14.41,0.00,2.88,0.00,0.00,0.00
675,Garwood (ID: 193),2024-12-18,0.09,75,51,54,8.29,0.05,0.00,13.70,0.00,0.00
676,Garwood (ID: 193),2024-12-17,0.08,80,58,54,11.18,0.01,0.00,11.56,0.00,0.00
677,Garwood (ID: 193),2024-12-16,0.08,82,60,49,7.93,0.00,1.74,2.73,0.00,0.00
678,Garwood (ID: 193),2024-12-15,0.12,82,65,54,12.86,0.00,0.00,13.82,0.00,0.00
679,Garwood (ID: 193),2024-12-14,0.09,81,66,58,9.65,0.12,2.88,8.06,0.00,0.00
680,Garwood (ID: 193),2024-12-13,0.06,71,57,74,5.56,0.22,0.33,10.03,0.00,0.00
681,Garwood (ID: 193),2024-12-12,0.12,69,33,32,14.25,0.00,0.00,9.28,0.00,0.00
682,Garwood (ID: 193),2024-12-10,0.11,60,43,42,11.50,0.01,6.33,11.77,0.00,0.00
683,Garwood (ID: 193),2024-12-09,0.06,72,55,75,7.93,0.00,0.00,4.80,0.00,0.00
684,Goliad (ID: 198),2024-12-19,0.03,72,44,0,12.86,0.00,0.00,0.00,0.00,0.00
685,Goliad (ID: 198),2024-12-18,0.11,77,44,0,10.64,0.01,0.00,6.07,0.00,0.00
686,Goliad (ID: 198),2024-12-17,0.08,82,38,0,11.54,0.01,0.00,4.69,0.00,0.00
687,Goliad (ID: 198),2024-12-16,0.03,82,39,0,9.17,0.00,0.00,0.00,0.00,0.00
688,Goliad (ID: 198),2024-12-15,0.15,82,51,0,8.31,0.00,0.00,9.23,0.00,0.00
689,Goliad (ID: 198),2024-12-14,0.11,78,44,0,7.21,0.16,0.00,0.35,0.00,0.00
690,Goliad (ID: 198),2024-12-13,0.09,67,49,0,3.93,0.15,0.00,5.28,0.00,0.00
691,Goliad (ID: 198),2024-12-12,0.08,69,31,39,12.07,0.00,0.00,9.91,0.00,0.00
692,Goliad (ID: 198),2024-12-11,0.03,65,32,12,15.22,0.00,0.00,0.00,0.00,0.00
693,Goliad (ID: 198),2024-12-10,0.17,64,38,0,12.70,0.00,7.52,11.45,0.00,0.00
694,Goliad (ID: 198),2024-12-09,0.03,76,39,0,7.89,0.00,0.67,0.00,0.00,0.00
695,Houston (ID: 150),2024-12-22,0.06,64,39,53,12.22,0.00,0.00,7.15,12.53,14.10
696,Houston (ID: 150),2024-12-21,0.07,59,40,30,13.07,0.00,1.33,2.12,12.51,14.09
697,Houston (ID: 150),2024-12-20,0.08,68,44,23,13.08,0.00,0.00,4.60,12.45,13.95
698,Houston (ID: 150),2024-12-19,0.05,64,47,55,8.80,0.00,1.58,1.35,12.51,13.87
699,Houston (ID: 150),2024-12-18,0.05,74,55,59,7.34,0.18,0.00,4.26,12.54,13.57
700,Houston (ID: 150),2024-12-17,0.06,79,65,55,8.43,0.01,0.76,5.31,12.56,13.44
701,Houston (ID: 150),2024-12-16,0.07,81,67,55,9.01,0.00,1.48,2.98,12.59,13.45
702,Houston (ID: 150),2024-12-15,0.09,79,67,59,9.40,0.00,0.00,5.27,12.60,13.56
703,Houston (ID: 150),2024-12-14,0.08,78,64,59,6.94,0.00,4.27,4.63,12.49,13.42
704,Houston (ID: 150),2024-12-13,0.05,64,59,77,2.57,0.06,6.05,7.12,12.56,13.15
705,Houston (ID: 150),2024-12-12,0.09,62,33,34,12.54,0.00,0.00,8.92,12.49,14.27
706,Houston (ID: 150),2024-12-11,0.06,62,35,17,13.52,0.00,0.39,1.29,12.46,14.27
707,Houston (ID: 150),2024-12-10,0.09,69,46,40,9.85,0.00,0.04,5.51,12.52,13.67
708,Houston (ID: 150),2024-12-09,0.06,78,59,65,6.88,0.00,0.16,3.70,12.34,13.38
709,Houston North (ID: 326),2024-12-22,0.06,62,39,52,11.87,0.00,0.50,7.57,12.38,13.67
710,Houston North (ID: 326),2024-12-21,0.05,58,39,31,13.09,0.00,0.00,2.81,12.33,13.89
711,Houston North (ID: 326),2024-12-20,0.06,68,45,24,13.44,0.00,0.00,4.42,12.14,13.52
712,Houston North (ID: 326),2024-12-19,0.05,64,46,54,9.78,0.00,1.63,1.79,9.82,13.01
713,Houston North (ID: 326),2024-12-18,0.05,73,55,67,7.14,0.12,2.58,5.62,10.01,12.58
714,Houston North (ID: 326),2024-12-17,0.07,77,66,63,7.42,0.05,2.49,5.82,10.01,12.51
715,Houston North (ID: 326),2024-12-16,0.07,78,66,67,6.81,0.00,4.52,4.03,10.03,12.50
716,Houston North (ID: 326),2024-12-15,0.07,78,64,59,8.81,0.01,0.43,8.08,9.98,12.70
717,Houston North (ID: 326),2024-12-14,0.06,74,62,70,5.32,0.33,4.09,2.31,12.08,12.61
718,Houston North (ID: 326),2024-12-13,0.05,63,54,72,2.78,0.05,4.29,5.80,12.31,12.59
719,Houston North (ID: 326),2024-12-12,0.08,61,33,31,13.30,0.00,0.07,7.89,12.33,13.66
720,Houston North (ID: 326),2024-12-11,0.08,61,38,19,13.59,0.00,1.79,3.88,9.89,13.60
721,Houston North (ID: 326),2024-12-10,0.08,69,48,44,8.52,0.00,2.28,5.94,9.95,12.91
722,Houston North (ID: 326),2024-12-09,0.05,75,58,68,7.63,0.00,1.05,4.49,9.94,12.66
723,Kingsville (ID: 201),2024-12-19,0.13,73,49,0,14.63,0.00,4.52,3.56,0.00,0.00
724,Kingsville (ID: 201),2024-12-18,0.18,82,59,0,10.18,0.00,0.00,12.00,0.00,0.00
725,Kingsville (ID: 201),2024-12-17,0.15,83,61,0,12.28,0.00,0.00,8.00,0.00,0.00
726,Kingsville (ID: 201),2024-12-16,0.2,83,67,0,10.70,0.01,2.31,10.97,0.00,0.00
727,Kingsville (ID: 201),2024-12-15,0.12,76,66,0,7.59,0.04,0.00,6.23,0.00,0.00
728,Kingsville (ID: 201),2024-12-14,0.09,72,68,0,3.71,0.19,4.48,2.76,0.00,0.00
729,Kingsville (ID: 201),2024-12-13,0.12,74,58,0,5.86,0.05,0.00,6.04,0.00,0.00
730,Kingsville (ID: 201),2024-12-12,0.1,70,36,45,9.98,0.00,0.00,7.76,0.00,0.00
731,Kingsville (ID: 201),2024-12-11,0.13,66,36,16,16.78,0.00,5.68,0.00,0.00,0.00
732,Kingsville (ID: 201),2024-12-10,0.22,68,14,0,6.79,0.02,2.81,18.59,0.00,0.00
733,Kingsville (ID: 201),2024-12-09,0.09,85,54,0,12.22,0.00,0.56,3.53,0.00,0.00
734,Memorial Village (ID: 160),2024-12-22,0.03,65,42,50,7.73,0.00,0.00,1.95,12.26,14.06
735,Memorial Village (ID: 160),2024-12-21,0.03,59,43,30,8.59,0.00,0.00,1.63,12.29,14.07
736,Memorial Village (ID: 160),2024-12-20,0.03,69,47,23,8.38,0.00,0.00,1.92,12.28,13.89
737,Memorial Village (ID: 160),2024-12-19,0.04,66,46,50,8.08,0.00,0.05,1.20,12.24,13.94
738,Memorial Village (ID: 160),2024-12-18,0.04,75,57,55,5.56,0.40,0.00,2.69,12.29,13.32
739,Memorial Village (ID: 160),2024-12-17,0.04,79,67,55,5.05,0.00,0.00,1.50,12.32,13.02
740,Memorial Village (ID: 160),2024-12-16,0.04,80,67,50,5.37,0.00,0.08,0.56,12.32,13.06
741,Memorial Village (ID: 160),2024-12-15,0.04,79,67,58,6.27,0.01,0.00,1.87,12.14,13.17
742,Memorial Village (ID: 160),2024-12-14,0.03,78,64,61,4.30,0.08,0.49,0.38,12.14,12.83
743,Memorial Village (ID: 160),2024-12-13,0.03,64,58,63,1.78,0.05,1.06,1.64,12.22,12.55
744,Memorial Village (ID: 160),2024-12-12,0.03,63,36,28,6.55,0.00,0.00,2.42,12.20,13.99
745,Memorial Village (ID: 160),2024-12-11,0.05,61,39,18,6.62,0.00,0.87,2.43,12.15,13.96
746,Memorial Village (ID: 160),2024-12-10,0.05,68,49,41,5.97,0.00,0.99,3.13,12.02,13.01
747,Memorial Village (ID: 160),2024-12-09,0.03,74,59,72,3.75,0.00,0.00,1.84,12.06,12.67
748,Refugio (ID: 188),2024-12-19,0.07,73,39,37,14.28,0.00,0.00,3.78,0.00,0.00
749,Refugio (ID: 188),2024-12-18,0.08,77,36,0,8.61,0.00,0.00,6.49,0.00,0.00
750,Refugio (ID: 188),2024-12-16,0.08,82,37,0,11.75,0.00,0.00,4.30,0.00,0.00
751,Refugio (ID: 188),2024-12-15,0.11,75,40,0,6.79,0.00,0.00,1.43,0.00,0.00
752,Refugio (ID: 188),2024-12-13,0.03,69,40,0,4.21,0.10,0.00,3.47,0.00,0.00
753,Refugio (ID: 188),2024-12-12,0.06,70,29,41,10.40,0.00,0.00,3.93,0.00,0.00
754,Refugio (ID: 188),2024-12-11,0.04,66,31,12,15.76,0.00,0.00,0.00,0.00,0.00
755,Refugio (ID: 188),2024-12-10,0.18,68,33,0,10.86,0.01,2.65,10.09,0.00,0.00
756,Refugio (ID: 188),2024-12-09,0.03,78,32,0,9.90,0.00,0.91,0.00,0.00,0.00
757,Richmond North (ID: 161),2024-12-22,0.07,66,37,49,11.85,0.00,0.00,5.07,12.39,14.11
758,Richmond North (ID: 161),2024-12-21,0.07,58,39,33,12.50,0.00,1.22,3.62,12.40,14.09
759,Richmond North (ID: 161),2024-12-20,0.1,67,43,27,12.52,0.00,0.00,6.66,12.40,13.96
760,Richmond North (ID: 161),2024-12-19,0.06,66,44,51,12.25,0.00,1.39,1.34,12.37,13.98
761,Richmond North (ID: 161),2024-12-18,0.05,72,56,66,6.67,0.05,0.00,6.23,12.45,13.61
762,Richmond North (ID: 161),2024-12-17,0.05,79,65,71,8.77,0.00,0.23,2.48,12.48,13.27
763,Richmond North (ID: 161),2024-12-16,0.05,79,64,61,7.97,0.00,0.00,2.34,12.50,13.25
764,Richmond North (ID: 161),2024-12-15,0.06,80,65,66,9.44,0.01,0.05,3.94,12.45,13.40
765,Richmond North (ID: 161),2024-12-14,0.05,78,64,68,7.02,0.04,0.35,2.06,12.32,13.08
766,Richmond North (ID: 161),2024-12-13,0.05,65,57,64,2.16,0.10,3.22,5.02,12.44,12.80
767,Richmond North (ID: 161),2024-12-12,0.07,64,30,42,12.36,0.00,0.00,5.77,12.37,14.12
768,Richmond North (ID: 161),2024-12-11,0.06,61,35,21,13.02,0.00,1.34,3.37,12.33,14.11
769,Richmond North (ID: 161),2024-12-10,0.07,65,47,53,8.03,0.00,0.14,5.91,12.24,13.49
770,Richmond North (ID: 161),2024-12-09,0.04,72,57,86,5.82,0.00,0.18,2.43,10.72,13.01
771,Richmond South (ID: 151),2024-12-22,0.11,69,42,38,13.09,0.00,2.97,7.66,12.52,14.07
772,Richmond South (ID: 151),2024-12-21,0.09,61,42,29,13.58,0.00,2.72,4.41,12.51,14.14
773,Richmond South (ID: 151),2024-12-20,0.1,68,42,25,13.45,0.00,0.10,6.70,12.53,13.93
774,Richmond South (ID: 151),2024-12-19,0.07,68,45,45,13.20,0.00,1.62,1.16,12.52,14.01
775,Richmond South (ID: 151),2024-12-18,0.07,74,54,60,8.30,0.48,0.73,7.56,12.58,13.61
776,Richmond South (ID: 151),2024-12-17,0.1,82,56,48,8.80,0.00,1.76,8.21,12.61,13.47
777,Richmond South (ID: 151),2024-12-16,0.1,83,57,44,9.56,0.00,2.53,6.87,12.61,13.54
778,Richmond South (ID: 151),2024-12-15,0.11,82,56,53,10.79,0.00,2.46,8.70,12.64,13.55
779,Richmond South (ID: 151),2024-12-14,0.11,80,60,55,9.28,0.00,6.31,8.00,12.58,13.43
780,Richmond South (ID: 151),2024-12-13,0.06,66,57,70,2.65,0.11,6.07,7.17,12.62,13.21
781,Richmond South (ID: 151),2024-12-12,0.09,67,33,35,13.23,0.00,0.00,9.12,12.50,14.30
782,Richmond South (ID: 151),2024-12-11,0.08,62,33,18,14.18,0.00,0.73,5.40,12.51,14.33
783,Richmond South (ID: 151),2024-12-10,0.09,63,48,46,9.40,0.00,1.42,10.76,12.64,13.77
784,Richmond South (ID: 151),2024-12-09,0.06,76,52,70,6.84,0.00,0.77,6.49,12.53,13.47
785,Spring (ID: 152),2024-12-22,0.07,64,39,42,11.36,0.00,0.24,5.59,12.53,14.30
786,Spring (ID: 152),2024-12-21,0.06,60,40,27,13.45,0.00,0.08,2.53,12.54,14.28
787,Spring (ID: 152),2024-12-20,0.08,67,45,21,13.59,0.00,0.00,6.05,12.56,14.15
788,Spring (ID: 152),2024-12-19,0.06,67,45,41,13.15,0.00,2.66,1.61,12.53,14.14
789,Spring (ID: 152),2024-12-18,0.06,72,56,53,7.09,0.01,0.00,9.45,12.60,13.71
790,Spring (ID: 152),2024-12-17,0.08,79,66,54,9.05,0.00,2.60,4.57,12.62,13.56
791,Spring (ID: 152),2024-12-16,0.06,80,66,51,8.61,0.00,3.16,1.79,12.65,13.56
792,Spring (ID: 152),2024-12-15,0.08,78,65,56,9.43,0.01,0.02,6.83,12.59,13.59
793,Spring (ID: 152),2024-12-14,0.05,75,62,67,5.33,0.11,3.50,2.98,12.59,13.52
794,Spring (ID: 152),2024-12-13,0.05,63,55,66,3.05,0.09,2.70,3.36,12.65,13.66
795,Spring (ID: 152),2024-12-12,0.07,62,34,30,13.24,0.00,0.00,6.33,12.52,14.35
796,Spring (ID: 152),2024-12-11,0.08,61,35,16,13.92,0.00,3.19,4.63,12.54,14.20
797,Spring (ID: 152),2024-12-10,0.1,66,47,40,8.62,0.00,0.55,10.51,12.61,13.90
798,Spring (ID: 152),2024-12-09,0.06,74,58,66,7.39,0.00,2.57,5.43,12.45,13.54
799,Victoria County West (ID: 316),2024-12-19,0.05,72,44,36,14.50,0.00,0.00,0.00,0.00,0.00
800,Victoria County West (ID: 316),2024-12-18,0.05,77,53,46,9.41,0.02,0.00,0.00,0.00,0.00
801,Victoria County West (ID: 316),2024-12-17,0.06,83,62,47,12.67,0.00,0.00,0.00,0.00,0.00
802,Victoria County West (ID: 316),2024-12-16,0.06,83,63,45,10.55,0.01,0.00,0.00,0.00,0.00
803,Victoria County West (ID: 316),2024-12-15,0.05,81,69,57,8.77,0.00,0.00,0.00,0.00,0.00
804,Victoria County West (ID: 316),2024-12-14,0.05,80,67,64,8.67,0.33,0.00,0.00,0.00,0.00
805,Victoria County West (ID: 316),2024-12-13,0.03,70,56,88,3.39,0.15,0.00,0.00,0.00,0.00
806,Victoria County West (ID: 316),2024-12-12,0.04,68,36,33,12.37,0.00,0.00,0.00,0.00,0.00
807,Victoria County West (ID: 316),2024-12-11,0.03,65,33,11,15.78,0.00,0.00,0.00,0.00,0.00
808,Victoria County West (ID: 316),2024-12-10,0.05,62,44,34,13.65,0.01,0.00,0.00,0.00,0.00
809,Victoria County West (ID: 316),2024-12-09,0.05,75,53,63,9.45,0.01,0.00,0.00,0.00,0.00
